{
  "Ansi 4 Color" : {
    "Red Component" : 0.270588219165802,
    "Color Space" : "sRGB",
    "Blue Component" : 0.53333336114883423,
    "Alpha Component" : 1,
    "Green Component" : 0.52156859636306763
  },
  "Tags" : [

  ],
  "Ansi 12 Color" : {
    "Red Component" : 0.51372557878494263,
    "Color Space" : "sRGB",
    "Blue Component" : 0.59607839584350586,
    "Alpha Component" : 1,
    "Green Component" : 0.64705884456634521
  },
  "Ansi 5 Color" : {
    "Red Component" : 0.69411772489547729,
    "Color Space" : "sRGB",
    "Blue Component" : 0.5254901647567749,
    "Alpha Component" : 1,
    "Green Component" : 0.38431364297866821
  },
  "Right Option Key Sends" : 2,
  "Bold Color" : {
    "Red Component" : 0.99999600648880005,
    "Color Space" : "sRGB",
    "Blue Component" : 1,
    "Alpha Component" : 1,
    "Green Component" : 1
  },
  "Ansi 7 Color" : {
    "Red Component" : 0.65882354974746704,
    "Color Space" : "sRGB",
    "Blue Component" : 0.51764702796936035,
    "Alpha Component" : 1,
    "Green Component" : 0.60000008344650269
  },
  "Ansi 8 Color" : {
    "Red Component" : 0.57254910469055176,
    "Color Space" : "sRGB",
    "Blue Component" : 0.45490187406539917,
    "Alpha Component" : 1,
    "Green Component" : 0.51372551918029785
  },
  "Ansi 9 Color" : {
    "Red Component" : 0.98431378602981567,
    "Color Space" : "sRGB",
    "Blue Component" : 0.20392152667045593,
    "Alpha Component" : 1,
    "Green Component" : 0.28627443313598633
  },
  "Rows" : 25,
  "Default Bookmark" : "No",
  "Ansi 6 Color" : {
    "Red Component" : 0.40784317255020142,
    "Color Space" : "sRGB",
    "Blue Component" : 0.4156862199306488,
    "Alpha Component" : 1,
    "Green Component" : 0.61568635702133179
  },
  "Link Color" : {
    "Red Component" : 0.83921569585800171,
    "Color Space" : "sRGB",
    "Blue Component" : 0.054901950061321259,
    "Alpha Component" : 1,
    "Green Component" : 0.36470580101013184
  },
  "Cursor Guide Color" : {
    "Red Component" : 0.23529419302940369,
    "Color Space" : "sRGB",
    "Blue Component" : 0.21176469326019287,
    "Alpha Component" : 1,
    "Green Component" : 0.21960783004760742
  },
  "Non-ASCII Anti Aliased" : true,
  "Use Bright Bold" : false,
  "Ansi 10 Color" : {
    "Red Component" : 0.721568763256073,
    "Color Space" : "sRGB",
    "Blue Component" : 0.14901953935623169,
    "Alpha Component" : 1,
    "Green Component" : 0.7333332896232605
  },
  "Ambiguous Double Width" : false,
  "Jobs to Ignore" : [
    "rlogin",
    "ssh",
    "slogin",
    "telnet"
  ],
  "Show Status Bar" : false,
  "Ansi 15 Color" : {
    "Red Component" : 0.92156863212585449,
    "Color Space" : "sRGB",
    "Blue Component" : 0.69803923368453979,
    "Alpha Component" : 1,
    "Green Component" : 0.85882353782653809
  },
  "Foreground Color" : {
    "Red Component" : 0.92156863212585449,
    "Color Space" : "sRGB",
    "Blue Component" : 0.69803923368453979,
    "Alpha Component" : 1,
    "Green Component" : 0.85882353782653809
  },
  "Working Directory" : "\/Users\/dimitar",
  "Use Tab Color" : false,
  "Blinking Cursor" : false,
  "Disable Window Resizing" : true,
  "Sync Title" : false,
  "Prompt Before Closing 2" : false,
  "BM Growl" : true,
  "Command" : "",
  "Description" : "Default",
  "Smart Cursor Color" : true,
  "Mouse Reporting" : true,
  "Screen" : -1,
  "Selection Color" : {
    "Red Component" : 0.92156863212585449,
    "Color Space" : "sRGB",
    "Blue Component" : 0.69803923368453979,
    "Alpha Component" : 1,
    "Green Component" : 0.85882353782653809
  },
  "Columns" : 80,
  "Idle Code" : 0,
  "Disable Smcup Rmcup" : true,
  "Ansi 13 Color" : {
    "Red Component" : 0.82745110988616943,
    "Color Space" : "sRGB",
    "Blue Component" : 0.60784310102462769,
    "Alpha Component" : 1,
    "Green Component" : 0.52549010515213013
  },
  "Title Components" : 32,
  "Custom Command" : "No",
  "ASCII Anti Aliased" : true,
  "Non Ascii Font" : "Monaco 12",
  "Vertical Spacing" : 1,
  "Use Bold Font" : false,
  "Option Key Sends" : 2,
  "Selected Text Color" : {
    "Red Component" : 0.39999997615814209,
    "Color Space" : "sRGB",
    "Blue Component" : 0.32941171526908875,
    "Alpha Component" : 1,
    "Green Component" : 0.36078426241874695
  },
  "Background Color" : {
    "Red Component" : 0.11372549086809158,
    "Color Space" : "sRGB",
    "Blue Component" : 0.12941177189350128,
    "Alpha Component" : 1,
    "Green Component" : 0.12549020349979401
  },
  "Character Encoding" : 4,
  "Ansi 11 Color" : {
    "Red Component" : 0.98039215803146362,
    "Color Space" : "sRGB",
    "Blue Component" : 0.18431368470191956,
    "Alpha Component" : 1,
    "Green Component" : 0.74117642641067505
  },
  "Thin Strokes" : 4,
  "Use Italic Font" : true,
  "Unlimited Scrollback" : false,
  "Keyboard Map" : {
    "0xf700-0x260000" : {
      "Text" : "[1;6A",
      "Action" : 10
    },
    "0x37-0x40000" : {
      "Text" : "0x1f",
      "Action" : 11
    },
    "0x32-0x40000" : {
      "Text" : "0x00",
      "Action" : 11
    },
    "0xf709-0x20000" : {
      "Text" : "[17;2~",
      "Action" : 10
    },
    "0xf70c-0x20000" : {
      "Text" : "[20;2~",
      "Action" : 10
    },
    "0xf729-0x20000" : {
      "Text" : "[1;2H",
      "Action" : 10
    },
    "0xf72b-0x40000" : {
      "Text" : "[1;5F",
      "Action" : 10
    },
    "0xf705-0x20000" : {
      "Text" : "[1;2Q",
      "Action" : 10
    },
    "0xf703-0x260000" : {
      "Text" : "[1;6C",
      "Action" : 10
    },
    "0xf700-0x220000" : {
      "Text" : "[1;2A",
      "Action" : 10
    },
    "0xf701-0x280000" : {
      "Text" : "0x1b 0x1b 0x5b 0x42",
      "Action" : 11
    },
    "0x38-0x40000" : {
      "Text" : "0x7f",
      "Action" : 11
    },
    "0x33-0x40000" : {
      "Text" : "0x1b",
      "Action" : 11
    },
    "0xf703-0x220000" : {
      "Text" : "[1;2C",
      "Action" : 10
    },
    "0xf701-0x240000" : {
      "Text" : "[1;5B",
      "Action" : 10
    },
    "0xf70d-0x20000" : {
      "Text" : "[21;2~",
      "Action" : 10
    },
    "0xf702-0x260000" : {
      "Text" : "[1;6D",
      "Action" : 10
    },
    "0xf729-0x40000" : {
      "Text" : "[1;5H",
      "Action" : 10
    },
    "0xf706-0x20000" : {
      "Text" : "[1;2R",
      "Action" : 10
    },
    "0x34-0x40000" : {
      "Text" : "0x1c",
      "Action" : 11
    },
    "0xf700-0x280000" : {
      "Text" : "0x1b 0x1b 0x5b 0x41",
      "Action" : 11
    },
    "0x2d-0x40000" : {
      "Text" : "0x1f",
      "Action" : 11
    },
    "0xf70e-0x20000" : {
      "Text" : "[23;2~",
      "Action" : 10
    },
    "0xf702-0x220000" : {
      "Text" : "[1;2D",
      "Action" : 10
    },
    "0xf703-0x280000" : {
      "Text" : "0x1b 0x1b 0x5b 0x43",
      "Action" : 11
    },
    "0xf700-0x240000" : {
      "Text" : "[1;5A",
      "Action" : 10
    },
    "0xf707-0x20000" : {
      "Text" : "[1;2S",
      "Action" : 10
    },
    "0xf70a-0x20000" : {
      "Text" : "[18;2~",
      "Action" : 10
    },
    "0x35-0x40000" : {
      "Text" : "0x1d",
      "Action" : 11
    },
    "0xf70f-0x20000" : {
      "Text" : "[24;2~",
      "Action" : 10
    },
    "0xf703-0x240000" : {
      "Text" : "[1;5C",
      "Action" : 10
    },
    "0xf701-0x260000" : {
      "Text" : "[1;6B",
      "Action" : 10
    },
    "0xf702-0x280000" : {
      "Text" : "0x1b 0x1b 0x5b 0x44",
      "Action" : 11
    },
    "0xf72b-0x20000" : {
      "Text" : "[1;2F",
      "Action" : 10
    },
    "0x36-0x40000" : {
      "Text" : "0x1e",
      "Action" : 11
    },
    "0xf708-0x20000" : {
      "Text" : "[15;2~",
      "Action" : 10
    },
    "0xf701-0x220000" : {
      "Text" : "[1;2B",
      "Action" : 10
    },
    "0xf70b-0x20000" : {
      "Text" : "[19;2~",
      "Action" : 10
    },
    "0xf702-0x240000" : {
      "Text" : "[1;5D",
      "Action" : 10
    },
    "0xf704-0x20000" : {
      "Text" : "[1;2P",
      "Action" : 10
    }
  },
  "Window Type" : 0,